time_s,x,y,z,vx,vy,vz,roll_deg,pitch_deg,yaw_deg
0.0,2.9637525,0.81862485,2.301279,0.012156781,-0.005303442,-0.08646422,-1.2969411363673338,1.5783339194216712,-48.40463123353621
0.008973,2.9637432,0.8184835,2.3005803,0.012076547,-0.005393908,-0.0865426,-1.2949310118821322,1.5761346668128147,-48.40412520025852
0.10789,2.9643035,0.81744254,2.2918875,0.012456567,-0.0053869523,-0.08718927,-1.29148245636638,1.5684759533266663,-48.40606096998555
0.207059,2.9650717,0.81688243,2.2833555,0.0111876875,0.0045408607,-0.087746724,-1.294721396302736,1.5638403155721652,-48.43717184742975
0.30601,2.9660542,0.8178105,2.275044,0.01475648,0.020768132,-0.0886255,-1.2894065105675294,1.5572276287000726,-48.43119093487638
0.404974,2.9667966,0.8198379,2.2664511,0.018264621,0.03554891,-0.08789588,-1.2881398169526803,1.5583365465013552,-48.42776459612636
0.50411,2.9676785,0.82338464,2.25789,0.020004947,0.051826265,-0.088032894,-1.2933335880712191,1.5689335549896004,-48.43048462372954
0.602953,2.9683914,0.8272528,2.2494056,0.016295262,0.067411415,-0.0909523,-1.2944635001870601,1.5740806875444668,-48.42813584643548
0.702092,2.9687617,0.8318777,2.2409174,0.018987812,0.08480263,-0.08877118,-1.3003996841802545,1.5709126289826743,-48.4195612518346
0.810021,2.9689732,0.8375459,2.2318683,0.01574824,0.1014127,-0.08998392,-1.3036860360754572,1.566499558976407,-48.41852978258526
0.900075,2.9690723,0.84347486,2.22432,0.016381988,0.11506305,-0.090359256,-1.3125555094947488,1.5566620524950925,-48.41071494170018
1.008017,2.969702,0.8503888,2.2153955,0.019044487,0.12865157,-0.086362496,-1.32368289760242,1.5577214003871167,-48.413315935051415
1.107074,2.9703033,0.85628533,2.2078478,0.018860396,0.14301132,-0.08930861,-1.3274200111998575,1.5485182329323726,-48.423989048615724
1.206055,2.9708323,0.86290926,2.2007172,0.019096179,0.15668386,-0.08674419,-1.3449598268431096,1.5480243675030212,-48.425306674193926
1.305102,2.9712853,0.8714463,2.1937807,0.018288542,0.1700602,-0.08878643,-1.354082203506345,1.541063920903589,-48.43237059545387
1.404087,2.9708462,0.8783438,2.1867764,0.018181346,0.17558078,-0.09103953,-1.372719788408513,1.5319151641746438,-48.4369564544489
1.503189,2.9709065,0.8837622,2.1804144,0.017057259,0.18884806,-0.08454106,-1.3756177981952253,1.5117744147583498,-48.439802518630174
1.602132,2.9716127,0.8892628,2.174151,0.03213255,0.19910426,-0.09348091,-1.3851037643930115,1.5085712612408444,-48.47988852383381
1.701197,2.9720569,0.89546883,2.167729,0.024070239,0.20864524,-0.08161765,-1.4036617466616512,1.5003854159873335,-48.49246282705541
1.800134,2.9722676,0.90163565,2.1610227,0.048098378,0.2132849,-0.09071133,-1.4064391690544977,1.4942636373379514,-48.50696142516005
1.908362,2.9731243,0.90871584,2.1530936,0.058432557,0.2160724,-0.09501943,-1.4278629874473379,1.4863335773640434,-48.52099295681443
2.007164,2.9735618,0.91522104,2.1454346,0.03818372,0.22338381,-0.101326846,-1.4610945114063505,1.4523946930494673,-48.52720777039915
2.106448,2.974797,0.92147726,2.1367424,0.055342566,0.28429446,-0.105747394,-1.5112911112921388,1.3807820421599863,-48.5709522240667
2.205195,2.9767315,0.9274434,2.1268535,0.075018816,0.22840238,-0.11106727,-1.5500806409666579,1.3504729502260673,-48.68255927517693
2.304501,2.9796894,0.93536675,2.1164134,0.07596251,0.27868268,-0.10115907,-1.6349005157341414,1.2904812980725544,-48.89035557035963
2.403467,2.9827065,0.9384319,2.1036046,0.06905741,0.24963489,-0.14885588,-2.168901038882374,1.1116649874283493,-49.43677591387544
2.502281,2.9852505,0.93306875,2.0858204,0.05253605,0.18645805,-0.21669799,-3.2024723036206177,0.22273610397858246,-49.910439749964084
2.601253,2.989666,0.9262075,2.0661151,0.079250805,0.19072871,-0.20776673,-4.2037536114312966,-1.2151866043587065,-50.157202390742775
2.709572,2.9958143,0.91608584,2.0473144,0.08303838,0.11194426,-0.16622648,-5.152332080928862,-2.117313528818391,-50.65004850656747
2.808248,3.0026686,0.9036453,2.0339024,0.08324515,0.07852538,-0.10719499,-4.823142549852248,-2.7648562363003752,-51.32498665708566
2.9074,3.0108562,0.894356,2.022363,0.075438544,0.33958316,-0.27702296,-4.345870336523176,-2.440788198990195,-52.00367737052436
3.006526,3.020018,0.8993786,2.0020561,0.12048021,0.30534202,-0.17870757,-5.236514642247603,-4.141248300562527,-52.827262986783055
3.105361,3.0311172,0.8979656,1.994734,0.1296585,0.24688591,-0.074250445,-4.660141996548476,-3.1430861480272356,-53.796774162308495
3.204374,3.0414672,0.900046,1.9877965,0.101566836,0.29656407,-0.13142021,-4.281174716391262,-1.851511023540921,-55.02589211870683
3.303687,3.0512252,0.90740323,1.9772348,0.13923205,0.2911569,-0.11999555,-4.043027812812017,-1.2090952172311444,-55.96790868914338
3.402351,3.0619795,0.9118594,1.9692883,0.1607478,0.31917447,-0.13033222,-3.4852392523628093,-0.4818858860926046,-56.72830718704279
3.501363,3.072495,0.9165298,1.9625828,0.14136261,0.29723126,-0.13845877,-2.9397323680942136,0.4229433637316126,-57.51513817825179
3.609438,3.0838783,0.9204864,1.9536656,0.16120526,0.24167025,-0.15674606,-2.3961745945760526,0.9192205019170251,-58.326230427406486
3.69944,3.0922465,0.9195827,1.9431814,0.116053246,0.19611843,-0.16121146,-2.340646362245953,0.9784768329501802,-58.917995425394544
3.80744,3.0999892,0.91672325,1.9304545,0.11500236,0.21332555,-0.20661817,-2.3621002997533878,0.9146389488055671,-59.71484011568745
3.906399,3.1067252,0.91408277,1.9179534,0.12524079,0.17959298,-0.1962953,-2.417130725110212,0.7789362351527265,-60.354722685047285
4.005399,3.1124377,0.9092219,1.9055816,0.14420612,0.17888989,-0.21581437,-2.501423211531924,0.7903245645635806,-61.133111751404705
4.104513,3.1174376,0.9051251,1.8933139,0.12236558,0.14755987,-0.17986357,-2.524633846817062,0.684463037820965,-61.91602428802352
4.203731,3.1214778,0.9006662,1.880921,0.09327514,0.15208773,-0.2166278,-2.5348246899554168,0.720090255327404,-62.41849211177044
4.302438,3.1233702,0.89836884,1.867327,0.050108906,0.12980957,-0.20509994,-2.6008306718021252,0.6498292810550409,-62.50800843644026
4.4015,3.122945,0.89415777,1.8555732,0.052920405,0.13831462,-0.19979338,-2.609322677373309,0.6669168879839371,-62.415206558672644
4.509607,3.1220474,0.88673383,1.8432343,0.06809501,0.09680435,-0.21579868,-2.6372598963746405,0.6447275598208795,-62.30279879046347
4.599667,3.1203785,0.8801226,1.833567,0.040783484,0.08990975,-0.20005235,-2.6648146364250436,0.6447461161117833,-62.11592623164952
4.707487,3.1183639,0.8721316,1.8222079,0.050241984,0.055707242,-0.2061296,-2.6607739893905733,0.6584212522932258,-61.96406014366938
4.806527,3.1165571,0.8645284,1.8122463,0.071793206,0.09969037,-0.2107907,-2.715591982820981,0.6242163838456906,-61.75557837411368
4.905552,3.1136885,0.85669076,1.8029735,0.023754027,0.08397863,-0.19617543,-2.703357814860999,0.6143742208118463,-61.59678697209533
5.004649,3.111931,0.848608,1.7947896,0.009243782,0.050553,-0.19932353,-2.722729228947666,0.6575045303571373,-61.47043706923835
5.103606,3.109894,0.8411961,1.785655,0.033084013,0.04960853,-0.26349324,-2.890732686786852,0.43527688561743166,-61.28833228316743
5.202676,3.106444,0.82993865,1.7641063,0.0031077676,-0.02829383,-0.42530668,-4.182328847806424,-1.4354801706124105,-61.164402572019746
5.301567,3.1028154,0.81721026,1.7264551,-0.046938743,-0.084577955,-0.5510829,-3.056592605233092,-1.7128631338968414,-61.600246757605
5.400679,3.0978513,0.80173177,1.6864605,0.0058814,-0.10037719,-0.54857004,-1.2899942901972483,-0.8667906317701037,-62.23290545272044
5.508593,3.096163,0.7816116,1.6467553,0.07855138,-0.15275134,-0.46925586,0.38937109751463106,0.23454231229306013,-62.947849380410446
5.607693,3.0996716,0.76503825,1.612927,0.048616096,-0.11546596,-0.47665888,1.5932696341197718,1.3530839074086958,-63.546874651694
5.706621,3.1082616,0.7532558,1.5806304,0.091440395,-0.041141924,-0.45550007,2.7548621806878795,2.2490916764802726,-64.18053316288358
5.805727,3.121914,0.747417,1.5521265,0.14971243,0.025674686,-0.40729102,3.1706261581317663,3.0993162263574847,-64.74902423462423
5.904753,3.1430497,0.7496933,1.5255864,0.27493733,0.0858656,-0.39352113,4.908033859031748,3.850502737007039,-65.35684375114218
6.003692,3.1703594,0.7632882,1.5011549,0.3422642,0.1714715,-0.345315,4.704938477722758,4.226671214029317,-65.79648177569341
6.102687,3.205781,0.7879809,1.4787574,0.41932634,0.25777096,-0.3364171,5.014334143395632,4.504605135956413,-66.36411234905329
6.210726,3.2500384,0.82628655,1.457744,0.48453504,0.3711857,-0.28368828,5.039639413844833,4.563144339115776,-66.90910670574917
6.300782,3.2922175,0.8672521,1.4402511,0.5336166,0.46725237,-0.30835417,4.713772923084514,4.352261016609116,-67.34531925921921
6.408813,3.3495326,0.9256591,1.4205374,0.59323895,0.5564661,-0.32050526,4.726960559928542,4.299113027746642,-67.80496419779047
6.507739,3.4051511,0.9866036,1.4067692,0.6108298,0.64530134,-0.32783186,4.220501675433859,4.2769805586882645,-68.22044952865994
6.606818,3.4681141,1.0598874,1.3921933,0.7066198,0.71699095,-0.28586474,4.54505817011865,4.159967866208271,-68.70805179349344
6.705823,3.5353255,1.1433986,1.3791646,0.73753345,0.80237544,-0.26633218,4.292398658563869,3.7923545195869655,-69.01770147133536
6.804889,3.6073744,1.2359725,1.3674254,0.78461415,0.9066505,-0.27781072,4.232524847435918,3.3752663923362562,-69.28033649302866
6.903842,3.6872375,1.3394287,1.3563086,0.8581923,0.9610295,-0.25348407,3.719034777529893,3.3367312102456017,-69.3957970851909
7.002834,3.769535,1.4459584,1.3489146,0.912243,1.0169228,-0.21967857,3.3967576173981806,2.76883598650031,-69.52192994576113
7.101881,3.8546739,1.5617188,1.3383702,0.95552945,1.044066,-0.23699489,2.95216865081282,2.5810716632366564,-69.59373908248956
7.20089,3.942432,1.6820024,1.3272322,1.0077736,1.0678022,-0.23021664,1.8724157121133556,1.9572486763558192,-69.6084954268482
7.308876,4.045264,1.818047,1.312032,1.0547138,1.1130095,-0.26794872,1.8107755421480194,1.5785431539911279,-69.68997991998593
7.398856,4.132785,1.9327793,1.3016025,1.0275139,1.1304157,-0.26894838,1.2975615230466206,1.006525919720718,-69.78263060702467
7.506892,4.2375646,2.0751157,1.2939224,1.0899314,1.1662154,-0.25120434,1.5447643092229228,0.6089179916189806,-69.77094741329871
7.605941,4.335092,2.2076066,1.2865736,1.1189053,1.1382246,-0.21362263,1.0604824352804738,0.6495875785138576,-69.66885476816972
7.70496,4.43393,2.3424602,1.2806257,1.1032101,1.144022,-0.21937707,0.6138739285965733,0.3773026388909016,-69.64287487927467
7.80396,4.537057,2.47813,1.2732624,1.08584,1.1680955,-0.24946016,0.22756978842989245,0.18392870280815932,-69.64209288705851
7.902946,4.641184,2.611658,1.2658203,1.1150433,1.1541728,-0.2736675,-0.33196813472689723,-0.14005429719323162,-69.6830980763309
8.002055,4.746212,2.7439685,1.2588866,1.1554228,1.1175827,-0.2678556,-0.6158420160929029,-0.35404024730183975,-69.67710010539189
8.100988,4.8548093,2.8759866,1.2509984,1.1441057,1.0614376,-0.26570955,-0.7752378716670508,-0.47731492772572637,-69.59648816143915
8.209044,4.973379,3.016448,1.2433349,1.1069921,1.0884701,-0.26175347,-0.3006016966834402,-0.540260445215535,-69.51850574617806
8.308255,5.0836444,3.1405365,1.2356076,1.182119,1.0266315,-0.2197747,-0.7393704844157749,-0.522129562983345,-69.36315906575668
8.407023,5.1942086,3.2642007,1.2313154,1.1372455,1.029828,-0.22339591,-0.7335870401612743,-0.4007306802811811,-69.18847725600453
8.506097,5.3039637,3.388761,1.2341049,1.1557684,1.0169662,-0.21877557,-0.6775810176555499,-0.1202490211575561,-68.94500224722199
8.605355,5.4145956,3.5103807,1.238422,1.1811881,0.96586883,-0.15998252,-0.8572549636794797,0.21880317657281745,-68.61435199285461
8.70406,5.528287,3.631549,1.2419949,1.1600695,0.9838007,-0.2109093,-1.1056595617090783,-0.16303766267696584,-68.3012379710155
8.803083,5.6419563,3.7481575,1.2420671,1.1326364,0.9728715,-0.22324383,-2.001302007063031,-0.2366187151316102,-68.14629542745055
8.902342,5.755956,3.8607228,1.2411324,1.1746354,0.92508966,-0.24237758,-2.861718608888759,-0.6333138329132098,-68.04731173790857
9.010178,5.8808956,3.9831638,1.2368345,1.1877522,0.87547845,-0.25687242,-2.2973496954192143,-0.3754554235609372,-68.14148659427609
9.10017,5.9847198,4.0837274,1.2327176,1.1493042,0.84367216,-0.25828767,-2.075577466558342,-0.17594743370128196,-68.24598095001171
9.208373,6.109136,4.201587,1.2313077,1.1085552,0.84729946,-0.21536131,-2.031778338422604,0.0070473070376727105,-68.34968698165083
9.307165,6.22106,4.3039804,1.2271285,1.0711625,0.8045411,-0.25528806,-2.6115671999355863,-0.06586415138572894,-68.54382102947564
9.406148,6.326237,4.4025574,1.2223071,1.0520221,0.78437805,-0.25377387,-2.1739551707015603,0.010122468233485251,-68.78047303097242
9.505463,6.429853,4.50269,1.2207934,0.99266523,0.7835586,-0.23647134,-1.7395109783596205,0.36579795895194234,-68.88616962459307
9.604222,6.531754,4.5994654,1.222252,0.97232914,0.7854923,-0.24763255,-1.0167733379279438,0.003147210481018407,-69.06217433521299
9.703165,6.6304994,4.6963468,1.2224787,0.9619413,0.78663933,-0.2526446,-1.5203541350457803,0.5622133350663348,-69.19463367950901
9.802523,6.7286034,4.789046,1.2201097,0.9553139,0.79305893,-0.27234843,-0.9238517151897527,0.38994012258743777,-69.31643167803001
9.910323,6.8384166,4.8885207,1.2161477,0.9758407,0.75516564,-0.28940427,-1.1834881756082682,0.606384834476638,-69.35357051033029
10.000282,6.930162,4.9735427,1.2153764,0.9902311,0.7777539,-0.23283575,-1.2428820487657102,0.2253720435759466,-69.45969772729389
10.108254,7.038419,5.073048,1.2159443,1.011871,0.7536603,-0.24026917,-1.2663384849733972,0.5849934830793361,-69.7037828616668
10.207301,7.1368623,5.1623225,1.2175419,1.0020013,0.73934776,-0.22483926,-0.46516180181944156,0.8243938339660335,-69.89327117117523
10.306313,7.235991,5.2515774,1.215894,0.9663108,0.74276197,-0.21972643,-0.28631565851096974,1.0862746154164238,-70.0643658264046
10.405337,7.3384156,5.3407516,1.2164971,0.9658281,0.73805696,-0.2257248,-0.6714161800564269,0.8433792800085289,-70.22894004322548
10.504313,7.4425125,5.4335065,1.2221302,0.99727845,0.76663065,-0.2402338,-1.020404282320875,1.2355684879639242,-70.52179815463874
10.603404,7.547355,5.5259833,1.2245042,0.9523656,0.76264405,-0.2612152,-1.3539670900191925,0.18482728487892833,-70.88688808674493
10.702599,7.6505575,5.6192675,1.2271394,0.9930839,0.7535923,-0.28160635,-1.1510729498381536,0.5027246481240588,-71.32127183751882
10.801345,7.7533374,5.7102604,1.226524,0.94188994,0.7868001,-0.30501592,-1.5255331813937152,0.46589536088571937,-71.63685784916558
10.900477,7.852085,5.799275,1.2242538,0.8983597,0.75784206,-0.31788996,-2.4461270725133684,0.422007114752221,-72.00182501173947
11.008391,7.9619417,5.8967123,1.2231206,0.9522226,0.732344,-0.25603265,-1.7204530155111757,0.17167048750602235,-72.29768482971487
11.107425,8.060476,5.9856567,1.2220008,0.9233423,0.7185878,-0.25078303,-1.200640823630258,0.8995868399272532,-72.55948400013666
11.206409,8.155571,6.074149,1.2230045,0.90092623,0.7152676,-0.21782775,-0.8187542564789084,1.6635434721836726,-72.72448949838207
11.305441,8.250608,6.16146,1.2204427,0.89167285,0.7478211,-0.2486069,-0.37533601027835806,1.4622519355276475,-72.7982665438106
11.404425,8.346526,6.2515864,1.2184812,0.8657466,0.78277487,-0.27470925,-1.285882028275288,1.2460950318842112,-72.83169742416298
11.503466,8.442665,6.3417726,1.2213925,0.85476065,0.7876255,-0.29865575,-0.4633890163185996,0.7682163578523847,-72.91767888758325
11.602485,8.538942,6.433398,1.219249,0.8777666,0.78141874,-0.31720763,-0.43844798917490574,0.6281105893307085,-72.98962615410144
11.701497,8.638617,6.524629,1.216405,0.93202746,0.7839021,-0.28092253,-0.3399505493757445,0.6391130921716884,-72.93510248978872
11.80947,8.749187,6.623147,1.2150917,0.907244,0.7752984,-0.2584657,-0.7076197008034951,1.2515488690010226,-72.90647654315282
11.908509,8.85056,6.715054,1.2137465,0.93886346,0.79163027,-0.25027016,-0.5744856522862467,1.2901357361480659,-72.84058422724415
12.007568,8.956386,6.809277,1.2152644,0.9248403,0.7929057,-0.25588492,-0.6890965490988438,1.5791658169448046,-72.6074167836444
12.106546,9.05965,6.901498,1.2157763,0.9301243,0.8101544,-0.2717491,-1.369166203398852,1.275138677087112,-72.4084221333015
12.205572,9.164159,6.9962487,1.215918,0.893957,0.8335811,-0.28854352,-1.283004297053984,1.257321473554354,-72.23919539100565
12.3046,9.266803,7.088485,1.2114096,0.9186814,0.8005466,-0.30716142,-1.5607926241010222,1.31648662055163,-72.20262879061221
12.403606,9.36672,7.1806746,1.2117234,0.9267265,0.7897984,-0.26136345,-1.4788463430153493,1.7502287673310084,-72.2550212742814
12.502618,9.465859,7.273741,1.2150258,0.9244073,0.8007755,-0.26705006,-1.355534470723643,1.802733824726564,-72.2714207037182
12.601559,9.565231,7.36686,1.219203,0.9302166,0.7912191,-0.24197702,-0.4920110696183868,1.732217551539333,-72.130268816939
12.709595,9.671876,7.4684114,1.2235813,0.91995734,0.80469817,-0.2507952,-1.1459722858236825,1.642411100086411,-71.8000662857699
12.799608,9.760586,7.552768,1.2256218,0.9090095,0.8077125,-0.24455227,-0.8831659451993504,1.2914378754746512,-71.4751233800438
12.907711,9.863907,7.65459,1.22926,0.924489,0.8313198,-0.25607222,-0.8176010745044221,1.5619174682768973,-71.15717359319125
13.00662,9.965326,7.752997,1.2340469,0.92411447,0.8015718,-0.22588556,-1.3383779036203747,1.4018256961829931,-70.87405626086513
13.105709,10.063005,7.8477707,1.238718,0.91630155,0.8147407,-0.22420043,-0.7153763960675645,1.499823723679312,-70.58398645753952
13.204669,10.160858,7.9429536,1.2425599,0.8680058,0.8711563,-0.23880833,-0.7883380103639722,1.5270540656966205,-70.1959578793112
13.303761,10.258447,8.038696,1.2432008,0.8822466,0.8538249,-0.25796857,-1.2127071744907119,1.5305296329690437,-69.83582218760884
13.40269,10.3516245,8.131299,1.245896,0.906871,0.8553547,-0.24727221,-1.1405730740084352,1.6812999142138478,-69.4697632574758
13.501699,10.445881,8.225325,1.2506192,0.9411219,0.83272564,-0.21437617,-0.5222633420601612,2.2166668997579397,-68.98674093654908
13.609941,10.549627,8.329792,1.2569613,0.8743067,0.82895803,-0.22925778,-1.37390989747704,2.0662901563020473,-68.56477452450217
13.699767,10.634927,8.41774,1.2614478,0.8423986,0.85854906,-0.23817387,-1.3826513750045932,1.6677649821636937,-68.313500485711
13.807706,10.73536,8.523662,1.2661809,0.9081025,0.8439484,-0.2236232,-1.1864150993330416,1.4313872552537377,-68.18744826757293
13.907047,10.826157,8.617767,1.2685332,0.8796071,0.8059981,-0.25467548,-1.069020753341051,1.613424919267403,-68.10432188466393
14.005786,10.914277,8.709318,1.2735295,0.8732038,0.84266764,-0.2742049,-1.2275508066772842,1.1096387629385829,-67.8241538653578
14.104834,11.00444,8.803467,1.2745907,0.8433588,0.80945575,-0.27692318,-1.1388739839550746,0.9412495894077552,-67.45312117384496
14.203798,11.092674,8.893262,1.2709361,0.8042932,0.8199286,-0.36064106,-0.5864245160399999,0.9618033678162088,-67.07391321706622
14.302853,11.179092,8.98151,1.2639817,0.85000193,0.7933888,-0.3009593,-0.5643373357940219,1.123496653901675,-66.66589276636051
14.40181,11.26738,9.072297,1.2629724,0.81142396,0.86118394,-0.3027442,0.2827825922217404,1.9792472309090496,-66.39013044165145
14.500878,11.355856,9.16233,1.2669221,0.84113246,0.8116407,-0.23062052,0.17728664231224978,2.045423838159304,-65.91079300861408
14.608822,11.452637,9.258518,1.272515,0.84105563,0.8114475,-0.2945178,-0.6342560910601223,1.933140297805124,-65.39812989775538
14.707909,11.540988,9.346218,1.2746063,0.82227045,0.8510427,-0.29216453,-0.8169600176884854,1.866478516015421,-65.00228934231872
14.80713,11.627865,9.432902,1.2744519,0.89054585,0.8601793,-0.30538988,0.020523486017246077,1.6381323837200732,-64.77834248078972
14.906016,11.713376,9.516421,1.2724675,0.80631477,0.873328,-0.32250103,0.37133987260996415,1.6889579833299355,-64.70525982760702
15.004932,11.802408,9.603473,1.2720329,0.8863407,0.83425075,-0.29469168,0.6942979102663991,1.6951514834178958,-64.53823652483173
15.104168,11.888487,9.690086,1.2705377,0.8394458,0.88841146,-0.33468997,0.19896331213152893,1.7845893434690865,-64.4139959248847
15.2029,11.974279,9.773118,1.2671973,0.8915458,0.8381771,-0.31954235,-1.1193877084944641,1.454693681733811,-64.26861521928522
15.301993,12.058003,9.850783,1.2646849,0.8024577,0.81397027,-0.2915775,-3.984665290572523,0.42227292115528836,-64.00132558037775
15.401274,12.134334,9.923848,1.270385,0.7512556,0.74379045,-0.17682534,-7.27769808768301,-0.7239307296512136,-63.692419623808135
15.508988,12.211653,9.994953,1.2921175,0.6671926,0.6322692,-0.067632414,-10.615169707274491,-1.6355634198155466,-63.48584591720962
15.607955,12.270716,10.049606,1.3263112,0.5453638,0.49093467,0.12812044,-13.552587851839911,-2.6050309039719157,-63.17485369979492
15.707295,12.316837,10.0924635,1.3741666,0.41024834,0.330909,0.2864527,-15.845888838064301,-3.1088191875416453,-62.97221760889929
15.806064,12.349978,10.12844,1.4222898,0.3020051,0.39202443,0.13528074,-10.642340831200887,0.16850878630177224,-63.992741979296945
15.904997,12.376743,10.159707,1.4556442,0.21745844,0.25018737,-0.11132385,-2.340727580216791,1.2623828840829603,-64.40550998072104
16.00432,12.391099,10.1758375,1.4500686,0.13551927,0.13870232,-0.27576908,-4.440154006996077,1.1442760386714406,-64.7567237121777
16.103076,12.404473,10.193307,1.4563658,0.16178356,0.11813846,-0.13796133,-2.870963753746369,1.149539621645686,-66.01433792563425
16.202141,12.412249,10.203477,1.4587505,0.04119656,0.100789525,-0.23571837,-2.4785720689994566,1.161738668614125,-66.17500314011933
16.301417,12.409647,10.207266,1.4565125,-0.008698931,0.09396542,-0.24384521,-2.514565732854625,1.132128303119136,-66.32342871307446
16.409137,12.409729,10.211114,1.4570283,-0.028993752,0.05297516,-0.22597703,-2.4320993351012117,1.1785244672218478,-66.28230813338064
16.499073,12.410975,10.213724,1.4625932,-4.4982648e-05,0.010856777,-0.2345853,-2.4220803140571627,1.1976115210393157,-66.24606038072511
16.607186,12.412114,10.212544,1.4687202,0.01923785,0.08405601,-0.21968494,-2.4364004195575046,1.1630681028618464,-66.2411327513286
16.706189,12.412279,10.210864,1.4728339,0.01683885,0.069427416,-0.21390739,-2.3961062699398528,1.1887650730861232,-66.20981813776936
16.805234,12.411835,10.209594,1.4763966,0.004977457,0.02751615,-0.2087628,-2.401326854818953,1.1763981924707416,-66.17923681535648
16.904142,12.411424,10.208649,1.4786655,-0.040797822,-0.00013410274,-0.20454201,-2.3908118994546603,1.191418910439463,-66.16206404252806
17.003281,12.410469,10.207884,1.4834554,-0.04624625,-0.008431458,-0.2014773,-2.3949742117899966,1.1840826051513649,-66.20392198482851
17.102207,12.409744,10.206792,1.4880614,-0.038836785,0.023265325,-0.18679568,-2.3877891488203056,1.1859837898495698,-66.19903189020823
17.201515,12.408472,10.204529,1.4915099,-0.039697852,0.011029109,-0.18415612,-2.389513091900333,1.1761013494735018,-66.17695923384927
17.309226,12.406002,10.200761,1.4928265,-0.043012694,0.012156655,-0.17441548,-2.3874840963359336,1.1809437912556624,-66.15858969034464
17.408317,12.403643,10.196448,1.4976147,-0.046650976,-0.004198675,-0.16836028,-2.389957550289647,1.1830780586188296,-66.16083450368474
17.507261,12.400624,10.190349,1.5047884,-0.052985586,-0.010459098,-0.16284886,-2.391973902769862,1.183808621336722,-66.1459109338108
17.606398,12.397222,10.184149,1.5120925,-0.05218373,-0.017354427,-0.15320852,-2.3863434537021906,1.181890516080322,-66.13209089643212
17.705276,12.393983,10.177927,1.5175068,-0.05902767,-0.023402225,-0.14731598,-2.3888239047300446,1.183452038809511,-66.11795870666444
17.804328,12.391197,10.171752,1.5230024,-0.061663136,-0.029869739,-0.1447452,-2.3850445846070634,1.1734507246571526,-66.10708256888974
17.90333,12.38785,10.165635,1.5279589,-0.06340515,-0.033737704,-0.1366148,-2.3775367526672615,1.1662384833554351,-66.12744555877856
18.002371,12.385021,10.159252,1.5346074,-0.06781727,-0.04431402,-0.13183002,-2.368615616040014,1.1660693743368533,-66.1309765432924
18.110312,12.38219,10.152513,1.5409778,-0.06941898,-0.04758698,-0.12652627,-2.3661841511777486,1.1698197038721707,-66.11583735515191
18.200383,12.380173,10.146794,1.5461023,-0.0730855,-0.054556575,-0.1221441,-2.3593853821642656,1.166619564092574,-66.11960774055181
18.308331,12.377648,10.139558,1.5496206,-0.0689336,-0.06382009,-0.119036086,-2.3525172230548477,1.178573314184857,-66.12179013615686
18.407468,12.374785,10.132766,1.5543274,-0.06916999,-0.073177405,-0.113763236,-2.3467197172953744,1.182234783549385,-66.11373006785988
18.506412,12.372588,10.126076,1.5620792,-0.069670446,-0.0776656,-0.10576527,-2.338850914048823,1.187319733321676,-66.09627092447481
18.605444,12.370267,10.119296,1.5688506,-0.07301269,-0.0811628,-0.10339979,-2.3309958119202037,1.197068129147897,-66.08735700157456
18.704476,12.367956,10.113079,1.5748963,-0.07637009,-0.08405846,-0.0988113,-2.322694407440052,1.2091092171247022,-66.0931240112966
18.803464,12.36585,10.106907,1.5811327,-0.078791015,-0.0857664,-0.0913517,-2.318797342467323,1.2105714452786165,-66.08845140664646
18.902475,12.363589,10.099447,1.5867225,-0.08074407,-0.09309784,-0.089616425,-2.309510860744804,1.2129532687111706,-66.0917648572834
19.001579,12.361925,10.093287,1.5933206,-0.080757275,-0.09578882,-0.087358624,-2.2953844080766173,1.2152593679393076,-66.08745205414375
19.100484,12.359791,10.086535,1.600279,-0.07910459,-0.10015052,-0.08199368,-2.283248055862045,1.212243663799003,-66.09231455038382
19.208566,12.358042,10.079235,1.6077057,-0.073314376,-0.10919955,-0.07717283,-2.26858945193187,1.2102126645151976,-66.093649994411
19.307497,12.356348,10.072285,1.6124657,-0.07284804,-0.11398708,-0.07425816,-2.260429080447192,1.2176426590224587,-66.10266119067667
19.406641,12.353739,10.064471,1.6185585,-0.07544547,-0.12019444,-0.07052103,-2.2552893276952433,1.223762580270755,-66.10560599129798
19.505563,12.352504,10.058108,1.6262729,-0.07377601,-0.124505855,-0.06685833,-2.243161637681214,1.2255146146666032,-66.10490663218941
19.604558,12.349964,10.051337,1.6332557,-0.073705256,-0.12923707,-0.06325722,-2.2292229737449167,1.2392654226759279,-66.10082544022306
19.703621,12.34797,10.04495,1.6397637,-0.073574714,-0.12688032,-0.0612969,-2.2097499076134293,1.248866371956525,-66.10842459268942
19.802545,12.346326,10.038756,1.6455326,-0.07290667,-0.12815674,-0.05774556,-2.1890888027975266,1.2566924121163618,-66.09798144717524
19.901633,12.344671,10.032584,1.6506395,-0.07286983,-0.13305245,-0.05487875,-2.1801275747820026,1.261216975744264,-66.08325254348034
